name,searchText,radioValue,deskripsi
inggris2,inggris,(READY STOCK)_Buku Bahasa Inggris UNTUK PEMULA - 100% Anda Pasti Bisa Bahasa Inggris - Terlengkap Best Seller,Rahasia nya di sini
mempengaruhi lawan,mempengaruhi,(READY STOCK) Trik Memikat dan Mempengaruhi Lawan Bicara - Buku Psikologi Buku Pengembangan Diri Best Seller,Rahasia nya di sini
Buffet,Buffet,Buku Kisah & Rahasia Kekayaan Warren Buffett Motivasi Inspirasi,Rahasia nya di sini
Stoicism,Stoicism,Buku Filsafat The Art Of Stoicism  Kita Punya Kuasa Atas Hidup Kita Buku Motivasi  by Adora Kinara - Penerbit Jendela,Rahasia nya di sini
habit,habit,Buku Psikologi Pengembangan Diri Is It Bad Or Good Habits Motivasi Inspirasi Self Improvement Habit,Rahasia nya di sini
ofice,ofice,Panduan Cepat Kuasai Microsoft Office,Rahasia nya di sini
speaking kuning,speaking,Buku Cepat dan Mudah Lancar Public Speaking,Rahasia nya di sini
excel,excel,Buku Pintar Kuasai Excel (Untuk Persiapan Kerja),Ini rahasianya
mandarin,mandarin,(READY STOCK)_Mahir Bahasa Mandarin dari Nol _ Terlengkap Best Seller,Ini rahasianya
jepang,jepang,Buku Otodidak Kuasai Bahasa Jepang,Ini rahasianya
